{"train/loss": 0.36574122309684753, "train/grad_norm": 0.7109066247940063, "train/learning_rate": 0.0003272614242124753, "train/epoch": 27.891156462585034, "_timestamp": 1745194385, "_runtime": 17701, "_step": 4116, "epoch/train_loss": 0.33067214468709466, "epoch/grad_norm": 0.507866621017456, "epoch/duration": 602.2336103916168, "epoch": 27, "val/loss": 0.360882043838501, "_wandb": {"runtime": 17703}}