{"train/loss": 0.7408908605575562, "train/grad_norm": 1.3621891736984253, "train/learning_rate": 1.0535143575241057e-05, "train/epoch": 0.6802721088435374, "_timestamp": 1745176429, "_runtime": 643, "_step": 147, "epoch/train_loss": 0.9989330837515746, "epoch/grad_norm": 4.972173690795898, "epoch/duration": 609.5382583141327, "epoch": 0, "val/loss": 0.7085604176801794, "_wandb": {"runtime": 643}}