{"train/loss": 0.4021821618080139, "train/grad_norm": 0.4359216094017029, "train/learning_rate": 5.125656738266808e-05, "train/epoch": 71.23287671232876, "_timestamp": 1745428541, "_runtime": 26999, "_step": 5256, "epoch/train_loss": 0.3476690592831128, "epoch/grad_norm": 0.37892454862594604, "epoch/duration": 356.03975677490234, "epoch": 71, "val/loss": 0.34321295883920455, "_wandb": {"runtime": 27001}}