{"train/loss": 0.5449655055999756, "train/grad_norm": 0.6998057961463928, "train/learning_rate": 0.00011896030954083108, "train/epoch": 0.6802721088435374, "_timestamp": 1745176428, "_runtime": 642, "_step": 147, "epoch/train_loss": 0.6877919652429568, "epoch/grad_norm": 1.8028508424758911, "epoch/duration": 608.4463963508606, "epoch": 0, "val/loss": 0.5085406601428986, "_wandb": {"runtime": 641}}