{"train/loss": 0.40328484773635864, "train/grad_norm": 0.6365382671356201, "train/learning_rate": 4.9965454238584714e-05, "train/epoch": 71.23287671232876, "_timestamp": 1745322385, "_runtime": 27048, "_step": 5256, "epoch/train_loss": 0.3489206947692453, "epoch/grad_norm": 0.39023473858833313, "epoch/duration": 358.5757954120636, "epoch": 71, "val/loss": 0.34439698192808366, "_wandb": {"runtime": 27050}}