{"train/loss": 0.29933157563209534, "train/grad_norm": 0.31838458776474, "train/learning_rate": 0.000364015372635267, "train/epoch": 36.986301369863014, "_timestamp": 1745463147, "_runtime": 14247, "_step": 2774, "epoch/train_loss": 0.2897423863002699, "epoch/grad_norm": 0.42041340470314026, "epoch/duration": 365.70379185676575, "epoch": 37, "val/loss": 0.34425662954648334, "_wandb": {"runtime": 14248}}