{"train/loss": 0.3760474622249603, "train/grad_norm": 0.573410153388977, "train/learning_rate": 1.2611777015902792e-05, "train/epoch": 118.36734693877551, "_timestamp": 1745507745, "_runtime": 79171, "_step": 17493, "epoch/train_loss": 0.37508062562163996, "epoch/grad_norm": 0.5052103996276855, "epoch/duration": 650.5154993534088, "epoch": 118, "val/loss": 0.3747806776972378, "_wandb": {"runtime": 79172}}