{"train/loss": 0.3370799720287323, "train/grad_norm": 0.5777536630630493, "train/learning_rate": 0.00020944422167567403, "train/epoch": 47.945205479452056, "_timestamp": 1745404361, "_runtime": 18005, "_step": 3504, "epoch/train_loss": 0.3100926531096027, "epoch/grad_norm": 0.3665415644645691, "epoch/duration": 360.35363483428955, "epoch": 47, "val/loss": 0.3428961502181159, "_wandb": {"runtime": 18006}}