{"epoch": 1412, "loss": 0.15652069449424744, "lr": 0.0001, "_timestamp": 1745132288, "_runtime": 66126, "_step": 22833, "validation_loss": 0.8065639138221741}