{"train/loss": 0.24865946173667908, "train/grad_norm": 0.22517311573028564, "train/learning_rate": 0.00033489657394051247, "train/epoch": 42.465753424657535, "_timestamp": 1745192475, "_runtime": 15791, "_step": 3139, "epoch/train_loss": 0.2937360220167735, "epoch/grad_norm": 0.4042401611804962, "epoch/duration": 366.9830367565155, "epoch": 42, "val/loss": 0.3527229328950246, "_wandb": {"runtime": 15792}}