{"train/loss": 1.4432297945022583, "train/grad_norm": 10.358627319335938, "train/learning_rate": 0.0001, "train/epoch": 0.0, "_timestamp": 1745144383, "_runtime": 30, "_step": 0, "_wandb": {"runtime": 115}}