{"train/loss": 0.33086326718330383, "train/grad_norm": 1.045519471168518, "train/learning_rate": 0.0007827160080012804, "train/epoch": 36.986301369863014, "_timestamp": 1745477417, "_runtime": 14233, "_step": 2774, "epoch/train_loss": 0.32487028388127887, "epoch/grad_norm": 0.6267752051353455, "epoch/duration": 365.931010723114, "epoch": 37, "val/loss": 0.3394874764813317, "_wandb": {"runtime": 14234}}