{"train/loss": 0.3207324147224426, "train/grad_norm": 0.3200381100177765, "train/learning_rate": 0.0008997346362531643, "train/epoch": 32.87671232876713, "_timestamp": 1745295299, "_runtime": 12364, "_step": 2409, "epoch/train_loss": 0.2894854445571769, "epoch/grad_norm": 0.35426560044288635, "epoch/duration": 358.709392786026, "epoch": 32, "val/loss": 0.3454559842745463, "_wandb": {"runtime": 12366}}