{"train/loss": 0.3220333755016327, "train/grad_norm": 0.9041327834129333, "train/learning_rate": 0.0007389350975454531, "train/epoch": 36.986301369863014, "_timestamp": 1745478635, "_runtime": 14300, "_step": 2774, "epoch/train_loss": 0.3060167250159669, "epoch/grad_norm": 0.6168493628501892, "epoch/duration": 367.8589577674866, "epoch": 37, "val/loss": 0.33974576327535844, "_wandb": {"runtime": 14302}}