{"train/loss": 0.363299697637558, "train/grad_norm": 0.4494055211544037, "train/learning_rate": 3.280342343898514e-05, "train/epoch": 68.70748299319727, "_timestamp": 1745282897, "_runtime": 45806, "_step": 10143, "epoch/train_loss": 0.3706099346381466, "epoch/grad_norm": 0.5243409872055054, "epoch/duration": 634.4544138908386, "epoch": 68, "val/loss": 0.3661387369913213, "_wandb": {"runtime": 45807}}