{"train/loss": 0.32323548197746277, "train/grad_norm": 0.4616696238517761, "train/learning_rate": 1.5459264984160623e-05, "train/epoch": 120.40816326530613, "_timestamp": 1745386321, "_runtime": 80626, "_step": 17787, "epoch/train_loss": 0.38511814572373215, "epoch/grad_norm": 0.490966796875, "epoch/duration": 637.3411228656769, "epoch": 120, "val/loss": 0.3685089437400593, "_wandb": {"runtime": 80627}}