{"train/loss": 0.36538031697273254, "train/grad_norm": 0.4988914430141449, "train/learning_rate": 0.0005554206766123552, "train/epoch": 34.69387755102041, "_timestamp": 1745215755, "_runtime": 23243, "_step": 5145, "epoch/train_loss": 0.3216145221067935, "epoch/grad_norm": 0.652229905128479, "epoch/duration": 638.1125135421753, "epoch": 34, "val/loss": 0.36250900871613445, "_wandb": {"runtime": 23244}}