{"train/loss": 0.3447254002094269, "train/grad_norm": 0.3969237804412842, "train/learning_rate": 1.552676258437323e-05, "train/epoch": 149.31506849315068, "_timestamp": 1745233086, "_runtime": 56401, "_step": 10950, "epoch/train_loss": 0.3517973251538734, "epoch/grad_norm": 0.386014461517334, "epoch/duration": 359.82856607437134, "epoch": 149, "val/loss": 0.3563871714803908, "_wandb": {"runtime": 56403}}