{"train/loss": 0.4058423638343811, "train/grad_norm": 0.7085191011428833, "train/learning_rate": 4.056472341066004e-05, "train/epoch": 71.23287671232876, "_timestamp": 1745203630, "_runtime": 26946, "_step": 5256, "epoch/train_loss": 0.35047602163602226, "epoch/grad_norm": 0.38955995440483093, "epoch/duration": 355.18008184432983, "epoch": 71, "val/loss": 0.3520728117889828, "_wandb": {"runtime": 26947}}