{"train/loss": 0.3808079659938812, "train/grad_norm": 0.5274439454078674, "train/learning_rate": 0.00010941397139871784, "train/epoch": 54.794520547945204, "_timestamp": 1745350195, "_runtime": 20447, "_step": 4015, "epoch/train_loss": 0.31467865101278647, "epoch/grad_norm": 0.3871206045150757, "epoch/duration": 355.5666172504425, "epoch": 54, "val/loss": 0.3463202218214671, "_wandb": {"runtime": 20449}}