{"train/loss": 0.29447251558303833, "train/grad_norm": 0.22367005050182343, "train/learning_rate": 0.000442038319294561, "train/epoch": 36.986301369863014, "_timestamp": 1745273965, "_runtime": 14081, "_step": 2774, "epoch/train_loss": 0.2830461445328307, "epoch/grad_norm": 0.5117273926734924, "epoch/duration": 361.60607981681824, "epoch": 37, "val/loss": 0.3452780346075694, "_wandb": {"runtime": 14083}}