{"train/loss": 0.32266610860824585, "train/grad_norm": 0.27572762966156006, "train/learning_rate": 0.00026077724718271507, "train/epoch": 43.83561643835616, "_timestamp": 1745486000, "_runtime": 16733, "_step": 3285, "epoch/train_loss": 0.30987771814816617, "epoch/grad_norm": 0.37069055438041687, "epoch/duration": 361.1685769557953, "epoch": 44, "val/loss": 0.3411717282401191, "_wandb": {"runtime": 16734}}