{"train/loss": 0.32539811730384827, "train/grad_norm": 0.43164175748825073, "train/learning_rate": 1.3488690798335406e-05, "train/epoch": 120.40816326530613, "_timestamp": 1745431929, "_runtime": 80474, "_step": 17787, "epoch/train_loss": 0.3886386800785454, "epoch/grad_norm": 0.5008911490440369, "epoch/duration": 637.4786307811737, "epoch": 120, "val/loss": 0.37205571988049674, "_wandb": {"runtime": 80476}}