{"train/loss": 0.308118999004364, "train/grad_norm": 0.38543739914894104, "train/learning_rate": 2.469841256478496e-05, "train/epoch": 147.94520547945206, "_timestamp": 1745405241, "_runtime": 55010, "_step": 10804, "epoch/train_loss": 0.3218459033802764, "epoch/grad_norm": 0.4043676257133484, "epoch/duration": 356.3603196144104, "epoch": 147, "val/loss": 0.352907657623291, "_wandb": {"runtime": 55012}}