{"train/loss": 0.3663439452648163, "train/grad_norm": 0.5254846215248108, "train/learning_rate": 0.0001817235194245867, "train/epoch": 34.69387755102041, "_timestamp": 1745428269, "_runtime": 22993, "_step": 5145, "epoch/train_loss": 0.3205957754331381, "epoch/grad_norm": 0.5186547636985779, "epoch/duration": 627.9039990901947, "epoch": 34, "val/loss": 0.36607978799763846, "_wandb": {"runtime": 22994}}