{"train/loss": 0.3369535207748413, "train/grad_norm": 0.6370479464530945, "train/learning_rate": 0.0007401977699602975, "train/epoch": 32.87671232876713, "_timestamp": 1745237051, "_runtime": 12736, "_step": 2482, "epoch/train_loss": 0.2961465669413135, "epoch/grad_norm": 0.3886580467224121, "epoch/duration": 364.04672265052795, "epoch": 33, "val/loss": 0.3437720040480296, "_wandb": {"runtime": 12738}}