{"train/loss": 0.751559853553772, "train/grad_norm": 1.5267517566680908, "train/learning_rate": 1.1335927322383887e-05, "train/epoch": 0.6802721088435374, "_timestamp": 1745176428, "_runtime": 642, "_step": 147, "epoch/train_loss": 1.0122042841651813, "epoch/grad_norm": 4.181521892547607, "epoch/duration": 608.9841351509094, "epoch": 0, "val/loss": 0.7002242663327385, "_wandb": {"runtime": 642}}