{"train/loss": 0.3108713924884796, "train/grad_norm": 0.36705318093299866, "train/learning_rate": 0.00046036510732638054, "train/epoch": 36.986301369863014, "_timestamp": 1745491692, "_runtime": 14241, "_step": 2774, "epoch/train_loss": 0.29789515023362145, "epoch/grad_norm": 0.502360463142395, "epoch/duration": 365.14206647872925, "epoch": 37, "val/loss": 0.33700156542989945, "_wandb": {"runtime": 14242}}