{"train/loss": 0.347057044506073, "train/grad_norm": 0.4894101619720459, "train/learning_rate": 0.0002098545455594988, "train/epoch": 30.612244897959183, "_timestamp": 1745224279, "_runtime": 20614, "_step": 4557, "epoch/train_loss": 0.3274244155202593, "epoch/grad_norm": 0.5395247936248779, "epoch/duration": 642.7232480049133, "epoch": 30, "val/loss": 0.35462532323949475, "_wandb": {"runtime": 20616}}