{"train/loss": 0.28121259808540344, "train/grad_norm": 0.2814556360244751, "train/learning_rate": 2.021571099599782e-05, "train/epoch": 115.64625850340136, "_timestamp": 1745305660, "_runtime": 77035, "_step": 17052, "epoch/train_loss": 0.3797609402614386, "epoch/grad_norm": 0.4709310531616211, "epoch/duration": 643.5874526500702, "epoch": 115, "val/loss": 0.36456097224179435, "_wandb": {"runtime": 77037}}