{"train/loss": 0.3373776376247406, "train/grad_norm": 0.41345566511154175, "train/learning_rate": 0.00042364592390284193, "train/epoch": 39.726027397260275, "_timestamp": 1745443147, "_runtime": 14846, "_step": 2920, "epoch/train_loss": 0.29797479326594367, "epoch/grad_norm": 0.5111388564109802, "epoch/duration": 354.8247706890106, "epoch": 39, "val/loss": 0.34222379989094204, "_wandb": {"runtime": 14848}}