{"train/loss": 0.2997443974018097, "train/grad_norm": 0.3907736539840698, "train/learning_rate": 2.4337243463024305e-05, "train/epoch": 117.68707482993197, "_timestamp": 1745351421, "_runtime": 78369, "_step": 17346, "epoch/train_loss": 0.3697449180747376, "epoch/grad_norm": 0.5162952542304993, "epoch/duration": 632.2678394317627, "epoch": 117, "val/loss": 0.36522747839198394, "_wandb": {"runtime": 78371}}