{"train/loss": 0.2927890419960022, "train/grad_norm": 0.22993189096450806, "train/learning_rate": 0.00031811167435926525, "train/epoch": 43.83561643835616, "_timestamp": 1745448867, "_runtime": 16903, "_step": 3285, "epoch/train_loss": 0.2808843491828605, "epoch/grad_norm": 0.3295254111289978, "epoch/duration": 364.6806044578552, "epoch": 44, "val/loss": 0.3494918677541945, "_wandb": {"runtime": 16905}}