{"train/loss": 0.3076648712158203, "train/grad_norm": 0.5511000752449036, "train/learning_rate": 1.6745598158247553e-05, "train/epoch": 117.68707482993197, "_timestamp": 1745273017, "_runtime": 78597, "_step": 17346, "epoch/train_loss": 0.3786465229631281, "epoch/grad_norm": 0.5427635312080383, "epoch/duration": 634.0465450286865, "epoch": 117, "val/loss": 0.36942973732948303, "_wandb": {"runtime": 78599}}