{"train/loss": 0.3460090160369873, "train/grad_norm": 0.4113445281982422, "train/learning_rate": 8.527983330533193e-05, "train/epoch": 69.86301369863014, "_timestamp": 1745469232, "_runtime": 26047, "_step": 5110, "epoch/train_loss": 0.31247232486940413, "epoch/grad_norm": 0.38799986243247986, "epoch/duration": 358.24506163597107, "epoch": 69, "val/loss": 0.3433751728799608, "_wandb": {"runtime": 26048}}