{"train/loss": 0.33968207240104675, "train/grad_norm": 0.5541282892227173, "train/learning_rate": 5.858324463758867e-05, "train/epoch": 59.863945578231295, "_timestamp": 1745464298, "_runtime": 39935, "_step": 8820, "epoch/train_loss": 0.3461733002240966, "epoch/grad_norm": 0.4479857385158539, "epoch/duration": 641.5911593437195, "epoch": 59, "val/loss": 0.3641671292922076, "_wandb": {"runtime": 39938}}