{"train/loss": 0.34008726477622986, "train/grad_norm": 0.41693776845932007, "train/learning_rate": 0.0001330005675935683, "train/epoch": 39.45578231292517, "_timestamp": 1745329711, "_runtime": 26336, "_step": 5880, "epoch/train_loss": 0.3314904892931179, "epoch/grad_norm": 0.4663148522377014, "epoch/duration": 635.8436188697815, "epoch": 39, "val/loss": 0.3629544412388521, "_wandb": {"runtime": 26338}}