{"train/loss": 0.3084636628627777, "train/grad_norm": 0.7328725457191467, "train/learning_rate": 0.0006670152278609237, "train/epoch": 29.931972789115648, "_timestamp": 1745424327, "_runtime": 19932, "_step": 4410, "epoch/train_loss": 0.3105380900052129, "epoch/grad_norm": 0.5217717289924622, "epoch/duration": 646.0082061290741, "epoch": 29, "val/loss": 0.36139841991312366, "_wandb": {"runtime": 19934}}