{"train/loss": 0.368660569190979, "train/grad_norm": 0.4787999987602234, "train/learning_rate": 0.000252982804159201, "train/epoch": 35.61643835616438, "_timestamp": 1745492252, "_runtime": 13553, "_step": 2628, "epoch/train_loss": 0.3345389239592095, "epoch/grad_norm": 0.6568652987480164, "epoch/duration": 356.65835666656494, "epoch": 35, "val/loss": 0.3439716233147515, "_wandb": {"runtime": 13555}}