{"train/loss": 0.38264966011047363, "train/grad_norm": 0.6941835880279541, "train/learning_rate": 1.1487049978524088e-05, "train/epoch": 118.36734693877551, "_timestamp": 1745401505, "_runtime": 79084, "_step": 17493, "epoch/train_loss": 0.3805431136671378, "epoch/grad_norm": 0.5207383632659912, "epoch/duration": 650.2335965633392, "epoch": 118, "val/loss": 0.37638117635951324, "_wandb": {"runtime": 79086}}