{"train/loss": 0.3951762914657593, "train/grad_norm": 0.6205665469169617, "train/learning_rate": 6.074189334456572e-05, "train/epoch": 71.23287671232876, "_timestamp": 1745259848, "_runtime": 26723, "_step": 5256, "epoch/train_loss": 0.341359065820093, "epoch/grad_norm": 0.40136533975601196, "epoch/duration": 352.43585228919983, "epoch": 71, "val/loss": 0.3460598455535041, "_wandb": {"runtime": 26725}}