{"train/loss": 0.32215744256973267, "train/grad_norm": 0.6001424789428711, "train/learning_rate": 4.916580494797332e-05, "train/epoch": 78.08219178082192, "_timestamp": 1745303341, "_runtime": 29341, "_step": 5767, "epoch/train_loss": 0.3238284455178535, "epoch/grad_norm": 0.41809090971946716, "epoch/duration": 355.63721203804016, "epoch": 78, "val/loss": 0.34998302658398944, "_wandb": {"runtime": 29343}}