{"train/loss": 0.32719337940216064, "train/grad_norm": 0.26258212327957153, "train/learning_rate": 0.0004963631081407036, "train/epoch": 32.87671232876713, "_timestamp": 1745228584, "_runtime": 12793, "_step": 2482, "epoch/train_loss": 0.29006632243933744, "epoch/grad_norm": 0.37665003538131714, "epoch/duration": 366.03040981292725, "epoch": 33, "val/loss": 0.34050655033853316, "_wandb": {"runtime": 12795}}